"locatie";"XCOORD";"YCOORD";"EAGIDENT";"trend_beschr";"pvalue";"slope"
"1";"ABC012";126160;476841;"2000-EAG-4";"Ptot blijft gelijk in de tijd op meetlocatie ABC012.";0.386190716165729;-0.10018199095908
"2";"AVO024";132611.1984;478880.2062;"6540-EAG-1";"Ptot blijft gelijk in de tijd op meetlocatie AVO024.";0.0874173485631172;0.102746922180706
"3";"AVO027";130242;479560;"6540-EAG-3";"Ptot blijft gelijk in de tijd op meetlocatie AVO027.";0.853297449746768;-0.0122237911759799
"4";"AVW005";129963;479456;"6450-EAG-1";"Ptot blijft gelijk in de tijd op meetlocatie AVW005.";0.967033275210811;-0.00211093682774548
"5";"AVW007";129967;479521;"6490-EAG-1";"Ptot blijft gelijk in de tijd op meetlocatie AVW007.";0.153847515521093;0.0823333905134261
"6";"BBO001";129390;473899;"6430-EAG-1";"Ptot blijft gelijk in de tijd op meetlocatie BBO001.";0.653548421366192;-0.0229852048807917
"7";"BBO003";127696;474642;"2330-EAG-1";"Ptot blijft gelijk in de tijd op meetlocatie BBO003.";0.104514990724762;-0.0935816126597756
"8";"BER001";124423.2177;489097.101;"6060-EAG-1";"Ptot neemt toe in de tijd op meetlocatie BER001.";0.0109578791068943;0.133718873930307
"9";"BGP004";129893;481988;"6530-EAG-1";"Ptot neemt af in de tijd op meetlocatie BGP004.";3.59752576950378e-06;-0.238297408247871
"10";"BKP001";120197;476127;"2120-EAG-1";"Ptot blijft gelijk in de tijd op meetlocatie BKP001.";0.537798751136451;0.0314484456208955
"11";"BLM001";127958;481664;"2210-EAG-1";"Ptot blijft gelijk in de tijd op meetlocatie BLM001.";0.671255490601776;0.0216070043026069
"12";"BLW005";123182;478922;"2250-EAG-4";"Ptot blijft gelijk in de tijd op meetlocatie BLW005.";0.689854255613301;0.020324081428167
"13";"BNB006";115228;467845;"2625-EAG-1";"Ptot blijft gelijk in de tijd op meetlocatie BNB006.";0.561514070399515;0.0771654557572532
"14";"BNN001";138115;479727;"4120-EAG-1";"Ptot blijft gelijk in de tijd op meetlocatie BNN001.";0.178208492217744;0.0801454418404065
"15";"BOP024";136577.7367;480663.2984;"4110-EAG-1";"Ptot neemt toe in de tijd op meetlocatie BOP024.";0.00951008967561606;0.132102793669646
"16";"BOT001";123491;473168;"2550-EAG-1";"Ptot blijft gelijk in de tijd op meetlocatie BOT001.";0.145690899355187;0.0786095044803689
"17";"BOT002";123338;473756;"2550-EAG-1";"Ptot blijft gelijk in de tijd op meetlocatie BOT002.";0.105106841862136;0.0872330271064783
"18";"BOT007";123271;474574;"2550-EAG-4";"Ptot neemt toe in de tijd op meetlocatie BOT007.";0.00300965791869756;0.173105869678494
"19";"BOT009";124265;475237;"2560-EAG-1";"Ptot blijft gelijk in de tijd op meetlocatie BOT009.";0.209908967787112;-0.0641528431800739
"20";"BOT011";123431;475423;"2550-EAG-5";"Ptot neemt af in de tijd op meetlocatie BOT011.";8.62931890441818e-05;-0.200491435976419
"21";"BPN002";132315.0427;482715.3656;"3040-EAG-1";"Ptot neemt af in de tijd op meetlocatie BPN002.";1.80302615544835e-08;-0.320944003331695
"22";"BRE006";128287.5719;466451.7931;"6460-EAG-1";"Ptot neemt toe in de tijd op meetlocatie BRE006.";0.00563695790677567;0.181594048418921
"23";"BRE010";128296;464137;"6570-EAG-1";"Ptot blijft gelijk in de tijd op meetlocatie BRE010.";0.489783290205332;0.127272727272727
"24";"BTP001";131756;463179;"3311-EAG-1";"Ptot blijft gelijk in de tijd op meetlocatie BTP001.";0.347034033340911;0.0490281812141543
"25";"BTV003";122142;483209;"2100-EAG-1";"Ptot neemt toe in de tijd op meetlocatie BTV003.";0.000976334037965448;0.167747364210046
"26";"BWW001";128144.1823;466442.8906;"6440-EAG-1";"Ptot blijft gelijk in de tijd op meetlocatie BWW001.";0.0833916858513629;0.101065020149527
"27";"BZP001";126404;476872;"2230-EAG-2";"Ptot blijft gelijk in de tijd op meetlocatie BZP001.";0.466737170248831;-0.0370875893530232
"28";"DBR004";115312.4342;488726.8208;"8010-EAG-2";"Ptot blijft gelijk in de tijd op meetlocatie DBR004.";0.293145837812433;0.0600786798383954
"29";"DMP001";128381;483863;"2010-EAG-1";"Ptot blijft gelijk in de tijd op meetlocatie DMP001.";0.65531047975326;0.0227719641786708
"30";"DMP020";125934;484405;"2010-EAG-2";"Ptot neemt af in de tijd op meetlocatie DMP020.";0.0190059978005205;-0.133450553662316
"31";"ERP002";118462;487660;"1010-EAG-1";"Ptot neemt toe in de tijd op meetlocatie ERP002.";2.94707732355409e-05;0.238823892501498
"32";"FVP003";125037;485712;"2020-EAG-1";"Ptot blijft gelijk in de tijd op meetlocatie FVP003.";0.391739902962959;0.0485480511758649
"33";"GGP020";128624;480275;"2220-EAG-5";"Ptot neemt toe in de tijd op meetlocatie GGP020.";5.93512204222743e-09;0.289603165651689
"34";"GGP050";128364;479933;"2220-EAG-1";"Ptot blijft gelijk in de tijd op meetlocatie GGP050.";0.428923562288563;-0.042734810880405
"35";"GGP052";128364;479933;"2220-EAG-1";"Ptot neemt toe in de tijd op meetlocatie GGP052.";0.00108034691236689;0.23384296662093
"36";"GGP054";128364;479933;"2220-EAG-1";"Ptot neemt toe in de tijd op meetlocatie GGP054.";0.000703026139777056;0.244973926449295
"37";"GGP056";128364;479933;"2220-EAG-1";"Ptot neemt toe in de tijd op meetlocatie GGP056.";0.00086135654134736;0.238071528072074
"38";"GGP057";128364;479933;"2220-EAG-1";"Ptot blijft gelijk in de tijd op meetlocatie GGP057.";0.112418171852559;0.101916550896594
"39";"GHO001";131307.7456;463007.445;"3301-EAG-1";"Ptot blijft gelijk in de tijd op meetlocatie GHO001.";0.325685652239242;-0.0988865805107624
"40";"GSW002";128859;480426;"2310-EAG-5";"Ptot blijft gelijk in de tijd op meetlocatie GSW002.";0.713174977460651;0.0188154743548814
"41";"GSZ015";130474;480114;"3050-EAG-1";"Ptot neemt toe in de tijd op meetlocatie GSZ015.";9.44300252248815e-05;0.25910493363684
"42";"GWV001";126655;470083;"2501-EAG-2";"Ptot blijft gelijk in de tijd op meetlocatie GWV001.";0.0915289399110953;0.0868644571640073
"43";"GWV010";126697;470310;"2500-EAG-1";"Ptot blijft gelijk in de tijd op meetlocatie GWV010.";0.0761706288101567;0.147714568056645
"44";"GWV024";125237;473477;"2500-EAG-5";"Ptot neemt toe in de tijd op meetlocatie GWV024.";0.000994682364508519;0.236936960979615
"45";"GWV025";125237;473477;"2500-EAG-5";"Ptot neemt toe in de tijd op meetlocatie GWV025.";1.14321269022737e-05;0.318988760388605
"46";"GWV028";125237;473477;"2500-EAG-5";"Ptot neemt toe in de tijd op meetlocatie GWV028.";4.80440415781156e-05;0.295974115375588
"47";"GWV030";125237;473477;"2500-EAG-5";"Ptot neemt toe in de tijd op meetlocatie GWV030.";0.00523661060707598;0.201732084394901
"48";"GWV032";125237;473477;"2500-EAG-5";"Ptot blijft gelijk in de tijd op meetlocatie GWV032.";0.122768803230276;0.104331152138637
"49";"GWV079";125290;470063;"2500-EAG-3";"Ptot neemt af in de tijd op meetlocatie GWV079.";1.15959236496425e-06;-0.262395097492014
"50";"GWV081";126016;471109;"2500-EAG-4";"Ptot neemt af in de tijd op meetlocatie GWV081.";0.0401249513734379;-0.111485497129628
"51";"GWV092";125237;473477;"2500-EAG-5";"Ptot blijft gelijk in de tijd op meetlocatie GWV092.";0.68357242866833;-0.0220864605177198
"52";"GZK001";149302;476692;"7010-EAG-1";"Ptot blijft gelijk in de tijd op meetlocatie GZK001.";0.640919072932594;0.0238765049551409
"53";"HAP001";135513;476633;"4210-EAG-1";"Ptot blijft gelijk in de tijd op meetlocatie HAP001.";0.0918613866789391;-0.0866715876755611
"54";"HAP010";134608;476084;"4210-EAG-3";"Ptot blijft gelijk in de tijd op meetlocatie HAP010.";0.609078210837401;-0.0270794299380829
"55";"HAP043";134723;476622;"4210-EAG-2";"Ptot blijft gelijk in de tijd op meetlocatie HAP043.";0.0842848115496779;0.106542473103133
"56";"HAP048";135526;476185;"4210-EAG-5";"Ptot neemt toe in de tijd op meetlocatie HAP048.";4.23190664342811e-14;0.386247241154421
"57";"HBP001";123644;477217;"2240-EAG-1";"Ptot blijft gelijk in de tijd op meetlocatie HBP001.";0.0557948265938307;-0.0970335008826545
"58";"HBP050";123867;478177;"2250-EAG-1";"Ptot neemt af in de tijd op meetlocatie HBP050.";4.65203406448014e-25;-0.515731040170383
"59";"HBP105";123867;478177;"2250-EAG-1";"Ptot blijft gelijk in de tijd op meetlocatie HBP105.";0.217064865687247;0.106531919473008
"60";"HBP110";123867;478177;"2250-EAG-1";"Ptot neemt af in de tijd op meetlocatie HBP110.";5.16659852139972e-05;-0.299969402043225
"61";"HBP120";123867;478177;"2250-EAG-1";"Ptot neemt af in de tijd op meetlocatie HBP120.";1.75101119139697e-06;-0.352185444633185
"62";"HBP130";123867;478177;"2250-EAG-1";"Ptot neemt af in de tijd op meetlocatie HBP130.";4.61629466212781e-08;-0.402176371686345
"63";"HBP135";123867;478177;"2250-EAG-1";"Ptot neemt af in de tijd op meetlocatie HBP135.";4.96981140596382e-07;-0.349347621465866
"64";"HGP006";129685;474543;"6480-EAG-1";"Ptot blijft gelijk in de tijd op meetlocatie HGP006.";0.768640008834964;-0.0175148463760285
"65";"HHB010";129131;471331;"3070-EAG-1";"Ptot neemt af in de tijd op meetlocatie HHB010.";0.0236129574236252;-0.131265883105729
"66";"HHB014";129514;468708;"3070-EAG-2";"Ptot blijft gelijk in de tijd op meetlocatie HHB014.";0.406980926083096;-0.0425221736226366
"67";"HKP001";130715;476018;"3210-EAG-1";"Ptot blijft gelijk in de tijd op meetlocatie HKP001.";0.358104937784272;-0.0471405020964406
"68";"HMP001";132303;473420;"3220-EAG-2";"Ptot blijft gelijk in de tijd op meetlocatie HMP001.";0.121220484245903;0.0803479942902725
"69";"HRB001";134691.9531;477916.7667;"4200-EAG-2";"Ptot neemt af in de tijd op meetlocatie HRB001.";1.47268832242114e-05;-0.221050282915578
"70";"HSV001";127951;469731;"2340-EAG-1";"Ptot blijft gelijk in de tijd op meetlocatie HSV001.";0.310476367626252;-0.0505935007655998
"71";"HSV008";128193;468302;"2380-EAG-1";"Ptot blijft gelijk in de tijd op meetlocatie HSV008.";0.559180511049026;0.0580515239274437
"72";"IJB001";128566;484893;"7050-EAG-1";"Ptot blijft gelijk in de tijd op meetlocatie IJB001.";0.705711445537644;-0.01919023607606
"73";"IJM005";127676;485572;"";"Ptot neemt toe in de tijd op meetlocatie IJM005.";3.18122735759349e-07;0.330150330486794
"74";"KOP001";137955;479724;"4140-EAG-1";"Ptot blijft gelijk in de tijd op meetlocatie KOP001.";0.593309364382938;0.0272321201116214
"75";"LMP003";112367;485425;"8050-EAG-2";"Ptot blijft gelijk in de tijd op meetlocatie LMP003.";0.516405059112419;0.0354128730310511
"76";"LOO003";137564;467553;"3300-EAG-17";"Ptot blijft gelijk in de tijd op meetlocatie LOO003.";0.391035054042828;0.0482193397788113
"77";"LVE011";131084;469494;"3320-EAG-1";"Ptot blijft gelijk in de tijd op meetlocatie LVE011.";0.185006754127932;0.0956828777810874
"78";"LVE190";131364;469967;"3320-EAG-2";"Ptot neemt toe in de tijd op meetlocatie LVE190.";8.16007912256616e-13;0.479714923580717
"79";"LVO003";132028;470021;"3310-EAG-2";"Ptot neemt toe in de tijd op meetlocatie LVO003.";0.000850292101220844;0.25287787119501
"80";"LVO005";132210;468173;"3320-EAG-4";"Ptot neemt toe in de tijd op meetlocatie LVO005.";0.000214422246758082;0.259584622727928
"81";"MAP004";113740;484459;"8060-EAG-1";"Ptot blijft gelijk in de tijd op meetlocatie MAP004.";0.165890940445847;0.0753233436716834
"82";"MBP005";133001;466536;"3300-EAG-1";"Ptot blijft gelijk in de tijd op meetlocatie MBP005.";0.554537343320596;0.0316498796120343
"83";"MBP006";134430;464823;"3300-EAG-6";"Ptot neemt af in de tijd op meetlocatie MBP006.";0.018070719991391;-0.126156645116339
"84";"MBP012";134244;465900;"3300-EAG-5";"Ptot blijft gelijk in de tijd op meetlocatie MBP012.";0.775614785972707;-0.0152541822161037
"85";"MBP014";131993;467179;"3300-EAG-1";"Ptot blijft gelijk in de tijd op meetlocatie MBP014.";0.539702181267695;0.0330883575416116
"86";"MBP016";133681;469332;"3300-EAG-8";"Ptot blijft gelijk in de tijd op meetlocatie MBP016.";0.548146100934803;0.0323464981508702
"87";"MBP041";130860;465792;"3300-EAG-3";"Ptot blijft gelijk in de tijd op meetlocatie MBP041.";0.914930702529642;-0.00666954552397972
"88";"MBP042";131103;464590;"3300-EAG-4";"Ptot neemt toe in de tijd op meetlocatie MBP042.";1.15175915205671e-06;0.293854467150387
"89";"MBP060";130036;468248;"3300-EAG-1";"Ptot blijft gelijk in de tijd op meetlocatie MBP060.";0.0522272351014912;-0.1133104029146
"90";"MPA001";122030;480526;"2110-EAG-1";"Ptot neemt af in de tijd op meetlocatie MPA001.";0.0108647167088907;-0.125776573557929
"91";"NAP010";136074;479898;"3100-EAG-2";"Ptot blijft gelijk in de tijd op meetlocatie NAP010.";0.625263056808546;-0.0262444099655582
"92";"NAP020";137305;477457;"3100-EAG-5";"Ptot blijft gelijk in de tijd op meetlocatie NAP020.";0.442085690968049;0.0402413019023558
"93";"NAP030";137117;478510;"3100-EAG-3";"Ptot blijft gelijk in de tijd op meetlocatie NAP030.";0.601587483702263;0.0279277684948961
"94";"NAP040";136415;478000;"3100-EAG-4";"Ptot blijft gelijk in de tijd op meetlocatie NAP040.";0.522968350219911;-0.0339835575616783
"95";"NAP083";137734;478214;"3100-EAG-3";"Ptot blijft gelijk in de tijd op meetlocatie NAP083.";0.635571671816071;0.0343751898715049
"96";"NAP195";135586;479605;"3100-EAG-1";"Ptot neemt toe in de tijd op meetlocatie NAP195.";0.00843488542088129;0.194762716564375
"97";"NBM002";134823.5359;481713.1221;"4100-EAG-1";"Ptot neemt af in de tijd op meetlocatie NBM002.";0.0277216761535298;-0.113621229771498
"98";"NBW003";118974;465428;"2630-EAG-1";"Ptot neemt af in de tijd op meetlocatie NBW003.";2.31769582232782e-09;-0.303999008087315
"99";"NBW007";116495;466810;"2620-EAG-1";"Ptot neemt af in de tijd op meetlocatie NBW007.";0.00347136828112509;-0.1452396656694
"100";"NIJ003";119349;493061;"6100-EAG-1";"Ptot neemt toe in de tijd op meetlocatie NIJ003.";6.34957733626101e-05;0.146747652861157
"101";"NIJ004";119349;493061;"6100-EAG-1";"Ptot neemt toe in de tijd op meetlocatie NIJ004.";0.013475659773754;0.172747709843778
"102";"NIJ013";119349;493061;"6100-EAG-1";"Ptot neemt toe in de tijd op meetlocatie NIJ013.";0.00102708445091026;0.229943133637921
"103";"NIJ014";119349;493061;"6100-EAG-1";"Ptot neemt toe in de tijd op meetlocatie NIJ014.";0.000117575908744269;0.268492237490424
"104";"NIJ015";119349;493061;"6100-EAG-1";"Ptot neemt toe in de tijd op meetlocatie NIJ015.";0.00289396324034237;0.203255133436605
"105";"NKP002";132810.9675;481020.19;"3110-EAG-5";"Ptot blijft gelijk in de tijd op meetlocatie NKP002.";0.41359243048587;-0.0418949523868566
"106";"NKP037";134291;478741;"3110-EAG-5";"Ptot neemt toe in de tijd op meetlocatie NKP037.";0.000179983225892141;0.248092450130634
"107";"NLP001";118149;473060;"2130-EAG-1";"Ptot neemt af in de tijd op meetlocatie NLP001.";1.34352818973373e-18;-0.45190170953908
"108";"NRZ001";132019;482775;"3010-EAG-1";"Ptot neemt af in de tijd op meetlocatie NRZ001.";0.0155914854440787;-0.332936292353152
"109";"NWS001";116414;484451;"8090-EAG-1";"Ptot blijft gelijk in de tijd op meetlocatie NWS001.";0.494260100748519;0.0370910113298841
"110";"NWS002";114782;484391;"8090-EAG-2";"Ptot neemt af in de tijd op meetlocatie NWS002.";0.00737339189177344;-0.158311722610013
"111";"OBL012";114562;488548;"8030-EAG-2";"Ptot neemt toe in de tijd op meetlocatie OBL012.";9.27119834600175e-06;0.216575860704678
"112";"OBL021";114190.5448;487807.5604;"8030-EAG-5";"Ptot blijft gelijk in de tijd op meetlocatie OBL021.";0.663014861052276;0.0215320414568122
"113";"OBP003";119411;488792;"8020-EAG-1";"Ptot blijft gelijk in de tijd op meetlocatie OBP003.";0.649367099212028;0.0256775637891195
"114";"OBT001";136518;465784;"3302-EAG-2";"Ptot neemt toe in de tijd op meetlocatie OBT001.";3.36078426815793e-05;0.239545055476434
"115";"OBT006";135140;464797;"3302-EAG-1";"Ptot neemt toe in de tijd op meetlocatie OBT006.";0.000147768070088999;0.216241311258306
"116";"OBT007";134839;464641;"3304-EAG-1";"Ptot blijft gelijk in de tijd op meetlocatie OBT007.";0.133275670199569;0.106990734847667
"117";"OBT009";137168;465754;"3302-EAG-1";"Ptot blijft gelijk in de tijd op meetlocatie OBT009.";0.107150876949292;0.168216587080155
"118";"OBT010";135015;464847;"3302-EAG-1";"Ptot blijft gelijk in de tijd op meetlocatie OBT010.";0.319245876871223;-0.10564395703109
"119";"ODP001";127815;483686;"2300-EAG-1";"Ptot blijft gelijk in de tijd op meetlocatie ODP001.";0.120252982275488;-0.0789221786587843
"120";"OSB007";112254;487236;"8040-EAG-1";"Ptot neemt af in de tijd op meetlocatie OSB007.";0.00191690601327953;-0.158968484969466
"121";"OTP002";123379;486035;"2040-EAG-1";"Ptot neemt af in de tijd op meetlocatie OTP002.";0.000472942999432841;-0.198352152708351
"122";"PAH008";134723.8894;459028.8569;"3370-EAG-1";"Ptot neemt af in de tijd op meetlocatie PAH008.";6.59708534742197e-09;-0.291519720933061
"123";"PBP009";129037.6573;466180.2062;"3350-EAG-1";"Ptot blijft gelijk in de tijd op meetlocatie PBP009.";0.0965636221863325;-0.0966490835675034
"124";"PBW001";126673;474638;"2570-EAG-1";"Ptot blijft gelijk in de tijd op meetlocatie PBW001.";0.0557875543480608;0.101931768552684
"125";"PDB001";117727;466482;"2520-EAG-1";"Ptot neemt af in de tijd op meetlocatie PDB001.";0.00144944729356125;-0.158822871460021
"126";"PDW001";131135;472413;"3240-EAG-1";"Ptot blijft gelijk in de tijd op meetlocatie PDW001.";0.476481979230089;0.0367576634356931
"127";"PEB001";118452;472359;"2530-EAG-1";"Ptot neemt af in de tijd op meetlocatie PEB001.";0.00030746911456503;-0.185218344598282
"128";"PGM001";122004;473930;"2540-EAG-1";"Ptot blijft gelijk in de tijd op meetlocatie PGM001.";0.89805175870668;-0.00657295998732949
"129";"PGW001";116266;469875;"2500-EAG-6";"Ptot neemt af in de tijd op meetlocatie PGW001.";0.0082689231531583;-0.217589450479859
"130";"PGW006";126016;471109;"2500-EAG-4";NA;NA;NA
"131";"PGW007";125290;470063;"2500-EAG-3";NA;NA;NA
"132";"PHM001";137022;476321;"4230-EAG-1";"Ptot blijft gelijk in de tijd op meetlocatie PHM001.";0.799456579326699;0.0129216302077324
"133";"PHM009";137927;475082;"4240-EAG-1";"Ptot neemt toe in de tijd op meetlocatie PHM009.";0.0050633419706764;0.143198978330411
"134";"PKH002";137022;470250;"3230-EAG-6";"Ptot blijft gelijk in de tijd op meetlocatie PKH002.";0.80055644727981;0.0143176726318979
"135";"PKH010";134030;471872;"3230-EAG-3";"Ptot blijft gelijk in de tijd op meetlocatie PKH010.";0.13723717705216;-0.0791816074845524
"136";"PKH011";134994;472226;"3230-EAG-3";"Ptot blijft gelijk in de tijd op meetlocatie PKH011.";0.730211797731609;0.0184780038549275
"137";"PKH020";134075;470101;"3230-EAG-1";"Ptot blijft gelijk in de tijd op meetlocatie PKH020.";0.732806413263912;-0.0185136322252873
"138";"PKH035";131747.9484;472795.4275;"3230-EAG-6";"Ptot neemt toe in de tijd op meetlocatie PKH035.";0.00865137679661187;0.177262356324079
"139";"PKH044";135275;473011;"3230-EAG-3";"Ptot blijft gelijk in de tijd op meetlocatie PKH044.";0.125772119878659;0.0834589601709982
"140";"PKH050";132806;471074;"3230-EAG-2";"Ptot blijft gelijk in de tijd op meetlocatie PKH050.";0.308967501258874;0.055508819254976
"141";"PKH055";132806;471074;"3230-EAG-2";"Ptot neemt toe in de tijd op meetlocatie PKH055.";2.70121129092913e-08;0.394919065766649
"142";"PKH070";132806;471074;"3230-EAG-2";"Ptot neemt toe in de tijd op meetlocatie PKH070.";0.00236338891201754;0.205646461351513
"143";"PKH353";132806;471074;"3230-EAG-2";"Ptot neemt toe in de tijd op meetlocatie PKH353.";3.85856874957978e-06;0.331981410170075
"144";"PKH354";132806;471074;"3230-EAG-2";"Ptot neemt toe in de tijd op meetlocatie PKH354.";4.40994694694614e-07;0.364224854884341
"145";"PKH444";136268;470307;"3230-EAG-1";"Ptot blijft gelijk in de tijd op meetlocatie PKH444.";0.15609736429178;-0.124829724373748
"146";"PMD013";129566;467618;"3340-EAG-1";"Ptot blijft gelijk in de tijd op meetlocatie PMD013.";0.429604355185906;-0.0408490541499248
"147";"PMW024";135019.1017;462563.3908;"3360-EAG-16";"Ptot neemt toe in de tijd op meetlocatie PMW024.";6.40351279357153e-06;0.236361924060663
"148";"PMW025";132631;460737;"3360-EAG-3";"Ptot blijft gelijk in de tijd op meetlocatie PMW025.";0.626739827256368;-0.0236947176134138
"149";"PMW040";133916;462778;"3360-EAG-14";"Ptot blijft gelijk in de tijd op meetlocatie PMW040.";0.106303502429418;0.0861866340839055
"150";"PMW041";133895;462569;"3360-EAG-10";"Ptot neemt af in de tijd op meetlocatie PMW041.";0.0121751791758984;-0.136916685809141
"151";"PMW050";132744;461565;"3360-EAG-9";"Ptot blijft gelijk in de tijd op meetlocatie PMW050.";0.356895008852099;-0.0479926831366593
"152";"PMW051";134460;461537;"3360-EAG-11";"Ptot blijft gelijk in de tijd op meetlocatie PMW051.";0.121710157399417;-0.0833776393023205
"153";"PMW052";136645;463832;"3360-EAG-17";"Ptot blijft gelijk in de tijd op meetlocatie PMW052.";0.106215285245585;0.0914165515865748
"154";"PMW057";136294;464589;"3360-EAG-19";"Ptot neemt toe in de tijd op meetlocatie PMW057.";0.000788931080925832;0.230045289625436
"155";"PMW058";134460;461537;"3360-EAG-11";"Ptot neemt toe in de tijd op meetlocatie PMW058.";3.85539763216236e-06;0.338988695847478
"156";"PMW060";134460;461537;"3360-EAG-11";"Ptot neemt toe in de tijd op meetlocatie PMW060.";0.000162293636951048;0.280693585297864
"157";"PMW065";134460;461537;"3360-EAG-11";"Ptot neemt toe in de tijd op meetlocatie PMW065.";1.51759183174098e-05;0.318322595448853
"158";"PMW066";134460;461537;"3360-EAG-11";"Ptot blijft gelijk in de tijd op meetlocatie PMW066.";0.613708436753044;0.0336317617873041
"159";"PMW073";133030;460718;"3360-EAG-2";"Ptot blijft gelijk in de tijd op meetlocatie PMW073.";0.953759464418694;-0.00520778579403181
"160";"PMW074";131810;462648;"3360-EAG-4";"Ptot blijft gelijk in de tijd op meetlocatie PMW074.";0.313843415071475;-0.0987642502405732
"161";"PMW079";133085;460879;"3360-EAG-1";"Ptot blijft gelijk in de tijd op meetlocatie PMW079.";0.107068770179807;-0.184166680288463
"162";"PMW080";135049;460793;"3360-EAG-1";"Ptot blijft gelijk in de tijd op meetlocatie PMW080.";0.717582268770246;-0.040989229195902
"163";"PMW406";134384;462471;"3360-EAG-13";"Ptot neemt toe in de tijd op meetlocatie PMW406.";0.000902745345466689;0.239759275029465
"164";"PNR006";129531;462278;"6550-EAG-1";"Ptot blijft gelijk in de tijd op meetlocatie PNR006.";0.109787599851822;-0.0819098231744118
"165";"POG001";123720.4774;466682.779;"2505-EAG-1";"Ptot blijft gelijk in de tijd op meetlocatie POG001.";0.0614604269571249;-0.148896087898747
"166";"PRH001";123488;476146;"2400-EAG-1";"Ptot neemt af in de tijd op meetlocatie PRH001.";4.35657842801793e-07;-0.257977880470958
"167";"PTB001";117163;469699;"2504-EAG-1";"Ptot neemt af in de tijd op meetlocatie PTB001.";0.000375294769758037;-0.181444809386854
"168";"PWH001";125298;476729;"2410-EAG-1";"Ptot neemt af in de tijd op meetlocatie PWH001.";0.010707250049442;-0.131332426755211
"169";"PWV003";121774;467427;"2503-EAG-1";"Ptot blijft gelijk in de tijd op meetlocatie PWV003.";0.190252406092096;-0.0671213949237523
"170";"PZH001";116599;466774;"2600-EAG-1";"Ptot blijft gelijk in de tijd op meetlocatie PZH001.";0.779289678998846;-0.0142532937676027
"171";"RKP001";117178;482932;"8080-EAG-2";"Ptot blijft gelijk in de tijd op meetlocatie RKP001.";0.806674444087467;-0.0134114483281382
"172";"RKP012";114525;483782;"8080-EAG-2";"Ptot blijft gelijk in de tijd op meetlocatie RKP012.";0.0688084370424876;0.0988123778223409
"173";"SAP010";134175;475852;"3201-EAG-1";"Ptot blijft gelijk in de tijd op meetlocatie SAP010.";0.284967836549258;0.058070617153839
"174";"SAP011";133947;475008;"3201-EAG-2";"Ptot neemt toe in de tijd op meetlocatie SAP011.";0.00207614501410181;0.166639048177769
"175";"SBI001";114575;484123;"8070-EAG-2";"Ptot neemt af in de tijd op meetlocatie SBI001.";0.00253410520228597;-0.144276765881506
"176";"SBI010";116234;486509;"8070-EAG-1";"Ptot neemt toe in de tijd op meetlocatie SBI010.";1.27479065508919e-25;0.501196276903656
"177";"SBI027";116848.985;488061.6283;"8070-EAG-2";"Ptot blijft gelijk in de tijd op meetlocatie SBI027.";0.130603677778427;0.0822633506196487
"178";"SBI031";117760.0583;485046.5983;"8070-EAG-2";"Ptot blijft gelijk in de tijd op meetlocatie SBI031.";0.937520886559788;-0.00442810386166515
"179";"SBI054";116234;486509;"8070-EAG-1";"Ptot neemt toe in de tijd op meetlocatie SBI054.";4.48563010745552e-14;0.493952019472294
"180";"SBI056";116234;486509;"8070-EAG-1";"Ptot neemt toe in de tijd op meetlocatie SBI056.";1.08807145810692e-12;0.46780735453925
"181";"SBI059";116234;486509;"8070-EAG-1";"Ptot neemt toe in de tijd op meetlocatie SBI059.";3.26934058696355e-08;0.363086748019857
"182";"SBI060";116234;486509;"8070-EAG-1";"Ptot neemt toe in de tijd op meetlocatie SBI060.";0.00320338774624549;0.192585851664575
"183";"SBI061";116234;486509;"8070-EAG-1";"Ptot neemt toe in de tijd op meetlocatie SBI061.";0.000389040629424261;0.223840573151152
"184";"SBP001";132882;476824;"3200-EAG-1";"Ptot blijft gelijk in de tijd op meetlocatie SBP001.";0.941925266585758;0.00441388173139383
"185";"SBP013";132326.92;475182.555;"3260-EAG-1";"Ptot neemt toe in de tijd op meetlocatie SBP013.";0.00522337232547164;0.160400325874234
"186";"SBP050";132688;476023;"3200-EAG-1";"Ptot blijft gelijk in de tijd op meetlocatie SBP050.";0.171020540515482;0.0751553600857907
"187";"SBP055";132688;476023;"3200-EAG-1";"Ptot neemt toe in de tijd op meetlocatie SBP055.";1.05860624838813e-07;0.382541065810137
"188";"SBP057";132688;476023;"3200-EAG-1";"Ptot neemt toe in de tijd op meetlocatie SBP057.";3.69063238174011e-09;0.431350220563495
"189";"SBP059";132688;476023;"3200-EAG-1";"Ptot neemt toe in de tijd op meetlocatie SBP059.";1.20152684435071e-05;0.315554801041223
"190";"SBP060";132688;476023;"3200-EAG-1";"Ptot neemt toe in de tijd op meetlocatie SBP060.";3.60580241139592e-06;0.335917577145791
"191";"SBP062";132688;476023;"3200-EAG-1";"Ptot neemt toe in de tijd op meetlocatie SBP062.";8.85321274869959e-05;0.262682937260762
"192";"SPP005";121445.8419;485242.3644;"2030-EAG-1";"Ptot neemt af in de tijd op meetlocatie SPP005.";0.0185695063321317;-0.134529943622797
"193";"TDO001";120884;491558;"6110-EAG-1";"Ptot blijft gelijk in de tijd op meetlocatie TDO001.";0.190677974821637;0.0685678794820078
"194";"UHP003";116467;472146;"2140-EAG-3";"Ptot neemt af in de tijd op meetlocatie UHP003.";0.0113135336613905;-0.135064891175443
"195";"UHP007";114736.8575;471178.2082;"2140-EAG-4";"Ptot neemt af in de tijd op meetlocatie UHP007.";2.30819486072299e-07;-0.264269283642496
"196";"VGD001";125224;483458;"2280-EAG-1";"Ptot blijft gelijk in de tijd op meetlocatie VGD001.";0.667889997510654;0.0219381010734393
"197";"VGD021";122892;481559;"2200-EAG-1";"Ptot blijft gelijk in de tijd op meetlocatie VGD021.";0.916037747514;-0.00536859596199092
"198";"VGD027";122378;480517;"2270-EAG-1";"Ptot neemt af in de tijd op meetlocatie VGD027.";2.41857131335112e-06;-0.258706478324858
"199";"VGD029";122067.7192;482846.3216;"2350-EAG-1";"Ptot neemt af in de tijd op meetlocatie VGD029.";0.000485704149616827;-0.176613610414878
"200";"VGD032";123239;480562;"2290-EAG-1";"Ptot blijft gelijk in de tijd op meetlocatie VGD032.";0.114392830927627;0.0805906118866449
"201";"VOP009";118963.0956;485116.16;"1060-EAG-1";"Ptot blijft gelijk in de tijd op meetlocatie VOP009.";0.747833716745252;0.018216315156694
"202";"WGM002";126090;485401;"6400-EAG-2";"Ptot blijft gelijk in de tijd op meetlocatie WGM002.";0.743978672110113;-0.0178483685044958
"203";"WGM006";123591;483795;"6400-EAG-1";"Ptot blijft gelijk in de tijd op meetlocatie WGM006.";0.284315142435723;-0.0546776892986216
"204";"WGM007";125238.81;484424.2062;"6400-EAG-1";"Ptot neemt toe in de tijd op meetlocatie WGM007.";0.0178283875198966;0.136536807136605
"205";"WOB004";112022;470068;"2610-EAG-1";"Ptot neemt af in de tijd op meetlocatie WOB004.";0.0304107474248247;-0.12417774252366
"206";"WVO002";122936;465822;"2502-EAG-1";"Ptot neemt af in de tijd op meetlocatie WVO002.";4.67428223705653e-05;-0.236731833677385
"207";"WVO035";119445.3609;463875.3962;"2512-EAG-1";"Ptot neemt af in de tijd op meetlocatie WVO035.";0.0263004900962771;-0.126845302151201
"208";"WVO036";117877.1804;466003.0379;"2511-EAG-1";"Ptot neemt af in de tijd op meetlocatie WVO036.";0.000173122464494514;-0.21543818970878
"209";"WVO037";123705.3867;464592.5712;"2510-EAG-1";"Ptot neemt af in de tijd op meetlocatie WVO037.";0.0256348693822421;-0.161401763523607
"210";"ZBM001";134742;481652;"4130-EAG-1";"Ptot neemt af in de tijd op meetlocatie ZBM001.";3.30428815958295e-07;-0.261173856152886
"211";"ZLP001";110726;470153;"2150-EAG-3";"Ptot neemt af in de tijd op meetlocatie ZLP001.";2.03536908368162e-27;-0.550643110431691
